{
  "backpropType" : "Standard",
  "cacheMode" : "NONE",
  "confs" : [ {
    "cacheMode" : "NONE",
    "dataType" : "FLOAT",
    "epochCount" : 0,
    "iterationCount" : 0,
    "layer" : {
      "@class" : "org.deeplearning4j.nn.conf.layers.LSTM",
      "activationFn" : {
        "@class" : "org.nd4j.linalg.activations.impl.ActivationTanH"
      },
      "biasInit" : 0.0,
      "biasUpdater" : null,
      "constraints" : null,
      "forgetGateBiasInit" : 1.0,
      "gainInit" : 1.0,
      "gateActivationFn" : {
        "@class" : "org.nd4j.linalg.activations.impl.ActivationSigmoid"
      },
      "gradientNormalization" : "None",
      "gradientNormalizationThreshold" : 1.0,
      "helperAllowFallback" : true,
      "idropout" : null,
      "iupdater" : {
        "@class" : "org.nd4j.linalg.learning.config.Adam",
        "beta1" : 0.9,
        "beta2" : 0.999,
        "epsilon" : 1.0E-8,
        "learningRate" : 0.01
      },
      "layerName" : "layer0",
      "nin" : 30,
      "nout" : 128,
      "regularization" : [ {
        "@class" : "org.nd4j.linalg.learning.regularization.L2Regularization",
        "l2" : {
          "@class" : "org.nd4j.linalg.schedule.FixedSchedule",
          "value" : 1.0E-4
        }
      } ],
      "regularizationBias" : [ ],
      "weightInitFn" : {
        "@class" : "org.deeplearning4j.nn.weights.WeightInitXavier"
      },
      "weightInitFnRecurrent" : null,
      "weightNoise" : null
    },
    "maxNumLineSearchIterations" : 5,
    "miniBatch" : true,
    "minimize" : true,
    "optimizationAlgo" : "STOCHASTIC_GRADIENT_DESCENT",
    "seed" : 12345,
    "stepFunction" : null,
    "variables" : [ "W", "RW", "b" ]
  }, {
    "cacheMode" : "NONE",
    "dataType" : "FLOAT",
    "epochCount" : 0,
    "iterationCount" : 0,
    "layer" : {
      "@class" : "org.deeplearning4j.nn.conf.layers.LSTM",
      "activationFn" : {
        "@class" : "org.nd4j.linalg.activations.impl.ActivationTanH"
      },
      "biasInit" : 0.0,
      "biasUpdater" : null,
      "constraints" : null,
      "forgetGateBiasInit" : 1.0,
      "gainInit" : 1.0,
      "gateActivationFn" : {
        "@class" : "org.nd4j.linalg.activations.impl.ActivationSigmoid"
      },
      "gradientNormalization" : "None",
      "gradientNormalizationThreshold" : 1.0,
      "helperAllowFallback" : true,
      "idropout" : null,
      "iupdater" : {
        "@class" : "org.nd4j.linalg.learning.config.Adam",
        "beta1" : 0.9,
        "beta2" : 0.999,
        "epsilon" : 1.0E-8,
        "learningRate" : 0.01
      },
      "layerName" : "layer1",
      "nin" : 128,
      "nout" : 128,
      "regularization" : [ {
        "@class" : "org.nd4j.linalg.learning.regularization.L2Regularization",
        "l2" : {
          "@class" : "org.nd4j.linalg.schedule.FixedSchedule",
          "value" : 1.0E-4
        }
      } ],
      "regularizationBias" : [ ],
      "weightInitFn" : {
        "@class" : "org.deeplearning4j.nn.weights.WeightInitXavier"
      },
      "weightInitFnRecurrent" : null,
      "weightNoise" : null
    },
    "maxNumLineSearchIterations" : 5,
    "miniBatch" : true,
    "minimize" : true,
    "optimizationAlgo" : "STOCHASTIC_GRADIENT_DESCENT",
    "seed" : 12345,
    "stepFunction" : null,
    "variables" : [ "W", "RW", "b" ]
  }, {
    "cacheMode" : "NONE",
    "dataType" : "FLOAT",
    "epochCount" : 0,
    "iterationCount" : 0,
    "layer" : {
      "@class" : "org.deeplearning4j.nn.conf.layers.RnnOutputLayer",
      "activationFn" : {
        "@class" : "org.nd4j.linalg.activations.impl.ActivationSoftmax"
      },
      "biasInit" : 0.0,
      "biasUpdater" : null,
      "constraints" : null,
      "gainInit" : 1.0,
      "gradientNormalization" : "None",
      "gradientNormalizationThreshold" : 1.0,
      "hasBias" : true,
      "idropout" : null,
      "iupdater" : {
        "@class" : "org.nd4j.linalg.learning.config.Adam",
        "beta1" : 0.9,
        "beta2" : 0.999,
        "epsilon" : 1.0E-8,
        "learningRate" : 0.01
      },
      "layerName" : "layer2",
      "lossFn" : {
        "@class" : "org.nd4j.linalg.lossfunctions.impl.LossNegativeLogLikelihood",
        "softmaxClipEps" : 1.0E-10
      },
      "nin" : 128,
      "nout" : 30,
      "regularization" : [ {
        "@class" : "org.nd4j.linalg.learning.regularization.L2Regularization",
        "l2" : {
          "@class" : "org.nd4j.linalg.schedule.FixedSchedule",
          "value" : 1.0E-4
        }
      } ],
      "regularizationBias" : [ ],
      "weightInitFn" : {
        "@class" : "org.deeplearning4j.nn.weights.WeightInitXavier"
      },
      "weightNoise" : null
    },
    "maxNumLineSearchIterations" : 5,
    "miniBatch" : true,
    "minimize" : true,
    "optimizationAlgo" : "STOCHASTIC_GRADIENT_DESCENT",
    "seed" : 12345,
    "stepFunction" : null,
    "variables" : [ "W", "b" ]
  } ],
  "dataType" : "FLOAT",
  "epochCount" : 0,
  "inferenceWorkspaceMode" : "ENABLED",
  "inputPreProcessors" : { },
  "iterationCount" : 6000,
  "tbpttBackLength" : 20,
  "tbpttFwdLength" : 20,
  "trainingWorkspaceMode" : "ENABLED",
  "validateOutputLayerConfig" : true
}